{
  "2015": {
    "red": {
      "marketShare": 38.87614,
      "productionInputUnits": 25000000,
      "maxProductionUnitsDemand": 46000000,
      "actualDemand": 25000000,
      "inventory": 0,
      "revenue": 200000000,
      "unitCost": 3.795000003576277,
      "unitPrice": 8,
      "variableCost": 94875000.08940692,
      "marketingCost": 9487500.008940693,
      "distributionCost": 9487500.008940693,
      "otherCost": 18975000.017881386,
      "totalCost": 123850000.10728832,
      "operatingProfit": 76149999.89271168,
      "cumulativeOperatingProfit": 76149999.89271168,
      "fixedCost": 10000000
    },
    "green": {
      "marketShare": 15.87614,
      "productionInputUnits": 25000000,
      "maxProductionUnitsDemand": 23000000,
      "actualDemand": 23000000,
      "inventory": 2000000,
      "revenue": 184000000,
      "unitCost": 3.795000003576277,
      "unitPrice": 8,
      "variableCost": 94875000.08940692,
      "marketingCost": 9487500.008940693,
      "distributionCost": 9487500.008940693,
      "otherCost": 18975000.017881386,
      "totalCost": 123850000.10728832,
      "operatingProfit": 60149999.89271169,
      "cumulativeOperatingProfit": 60149999.89271169,
      "fixedCost": 10000000
    },
    "blue": {
      "marketShare": 41.84772,
      "productionInputUnits": 18000000,
      "maxProductionUnitsDemand": 24000000,
      "actualDemand": 18000000,
      "inventory": 0,
      "revenue": 63000000,
      "unitCost": 3.795000003576277,
      "unitPrice": 3.5,
      "variableCost": 68310000.06437299,
      "marketingCost": 6831000.006437299,
      "distributionCost": 6831000.006437299,
      "otherCost": 13662000.012874598,
      "totalCost": 91972000.07724759,
      "operatingProfit": -28972000.077247582,
      "cumulativeOperatingProfit": -28972000.077247582,
      "fixedCost": 10000000
    },
    "yellow": {
      "marketShare": 3.4,
      "productionInputUnits": 25000000,
      "maxProductionUnitsDemand": 7000000,
      "actualDemand": 7000000,
      "inventory": 18000000,
      "revenue": 56000000,
      "unitCost": 3.795000003576277,
      "unitPrice": 8,
      "variableCost": 94875000.08940692,
      "marketingCost": 9487500.008940693,
      "distributionCost": 9487500.008940693,
      "otherCost": 18975000.017881386,
      "totalCost": 123850000.10728832,
      "operatingProfit": -67850000.10728832,
      "cumulativeOperatingProfit": -67850000.10728832,
      "fixedCost": 10000000
    }
  },
  "2016": {
    "red": {
      "marketShare": 32.54382,
      "productionInputUnits": 25000000,
      "maxProductionUnitsDemand": 38876140,
      "actualDemand": 25000000,
      "inventory": 0,
      "revenue": 200000000,
      "unitCost": 3.795000003576277,
      "unitPrice": 8,
      "variableCost": 94875000.08940692,
      "marketingCost": 9487500.008940693,
      "distributionCost": 9487500.008940693,
      "otherCost": 18975000.017881386,
      "totalCost": 123850000.10728832,
      "operatingProfit": 76149999.89271168,
      "cumulativeOperatingProfit": 76149999.89271168,
      "fixedCost": 10000000
    },
    "green": {
      "marketShare": 9.54382,
      "productionInputUnits": 25000000,
      "maxProductionUnitsDemand": 15876140,
      "actualDemand": 15876140,
      "inventory": 9123860,
      "revenue": 127009120,
      "unitCost": 3.795000003576277,
      "unitPrice": 8,
      "variableCost": 94875000.08940692,
      "marketingCost": 9487500.008940693,
      "distributionCost": 9487500.008940693,
      "otherCost": 18975000.017881386,
      "totalCost": 123850000.10728832,
      "operatingProfit": 3159119.8927116906,
      "cumulativeOperatingProfit": 3159119.8927116906,
      "fixedCost": 10000000
    },
    "blue": {
      "marketShare": 56.27236,
      "productionInputUnits": 18000000,
      "maxProductionUnitsDemand": 41847720,
      "actualDemand": 18000000,
      "inventory": 0,
      "revenue": 99000000,
      "unitCost": 3.795000003576277,
      "unitPrice": 5.5,
      "variableCost": 68310000.06437299,
      "marketingCost": 6831000.006437299,
      "distributionCost": 6831000.006437299,
      "otherCost": 13662000.012874598,
      "totalCost": 91972000.07724759,
      "operatingProfit": 7027999.922752418,
      "cumulativeOperatingProfit": 7027999.922752418,
      "fixedCost": 10000000
    },
    "yellow": {
      "marketShare": 1.64,
      "productionInputUnits": 25000000,
      "maxProductionUnitsDemand": 3400000,
      "actualDemand": 3400000,
      "inventory": 21600000,
      "revenue": 27200000,
      "unitCost": 3.795000003576277,
      "unitPrice": 8,
      "variableCost": 94875000.08940692,
      "marketingCost": 9487500.008940693,
      "distributionCost": 9487500.008940693,
      "otherCost": 18975000.017881386,
      "totalCost": 123850000.10728832,
      "operatingProfit": -96650000.10728832,
      "cumulativeOperatingProfit": -96650000.10728832,
      "fixedCost": 10000000
    }
  }
}